-- RLSポリシーを一時的に無効化
ALTER TABLE themes DISABLE ROW LEVEL SECURITY;
ALTER TABLE theme_items DISABLE ROW LEVEL SECURITY;
ALTER TABLE blogs DISABLE ROW LEVEL SECURITY;
ALTER TABLE profiles DISABLE ROW LEVEL SECURITY;

-- 既存のデータを削除する場合はコメントを外してください
-- DELETE FROM blogs;
-- DELETE FROM theme_items;
-- DELETE FROM themes WHERE name IN (
--   '旅行2', '料理2', '映画2', '音楽2', '本2', 'アニメ2', 'ゲーム2', 'スポーツ2', 'ファッション2', '美容2',
--   'インテリア2', 'ガジェット2', 'プログラミング2', '写真2', '絵画2', '工芸2', 'ガーデニング2', 'ペット2', '車2', 'バイク2',
--   '健康2', 'ヨガ2', '瞑想2', '占い2', '歴史2', '科学2', '宇宙2', '哲学2', '心理学2', '言語2'
-- );

-- テーマのダミーデータ（名前に「2」を追加して既存のデータと区別）
INSERT INTO themes (id, name, description, image_url, created_at, updated_at) VALUES
('11111111-1111-1111-1111-111111111101', '旅行2', '旅行に関する様々なコレクションを共有しましょう。', 'https://source.unsplash.com/random/640x360?travel', NOW() - INTERVAL '2 months', NOW() - INTERVAL '1 month'),
('11111111-1111-1111-1111-111111111102', '料理2', '料理のレシピやテクニックを共有しましょう。', 'https://source.unsplash.com/random/640x360?cooking', NOW() - INTERVAL '50 days', NOW() - INTERVAL '25 days'),
('11111111-1111-1111-1111-111111111103', '映画2', '映画の感想や推薦を共有しましょう。', 'https://source.unsplash.com/random/640x360?movie', NOW() - INTERVAL '45 days', NOW() - INTERVAL '20 days'),
('11111111-1111-1111-1111-111111111104', '音楽2', '音楽に関する様々なコレクションを共有しましょう。', 'https://source.unsplash.com/random/640x360?music', NOW() - INTERVAL '40 days', NOW() - INTERVAL '15 days'),
('11111111-1111-1111-1111-111111111105', 'ペット2', 'ペットに関する様々なコレクションを共有しましょう。', 'https://source.unsplash.com/random/640x360?pet', NOW() - INTERVAL '35 days', NOW() - INTERVAL '10 days');

-- ダミーユーザーの作成（既存のユーザーがいる場合は不要）
-- 注意: 実際のユーザーIDを使用する場合は、以下のINSERT文は不要です
INSERT INTO profiles (id, name, avatar_url) VALUES
('22222222-2222-2222-2222-222222222201', '佐藤 翔太', 'https://i.pravatar.cc/150?u=22222222-2222-2222-2222-222222222201'),
('22222222-2222-2222-2222-222222222202', '鈴木 美咲', 'https://i.pravatar.cc/150?u=22222222-2222-2222-2222-222222222202'),
('22222222-2222-2222-2222-222222222203', '高橋 健太', 'https://i.pravatar.cc/150?u=22222222-2222-2222-2222-222222222203'),
('22222222-2222-2222-2222-222222222204', '田中 彩花', 'https://i.pravatar.cc/150?u=22222222-2222-2222-2222-222222222204'),
('22222222-2222-2222-2222-222222222205', '伊藤 大輔', 'https://i.pravatar.cc/150?u=22222222-2222-2222-2222-222222222205'),
('22222222-2222-2222-2222-222222222206', '山本 直樹', 'https://i.pravatar.cc/150?u=22222222-2222-2222-2222-222222222206'),
('22222222-2222-2222-2222-222222222207', '中村 優子', 'https://i.pravatar.cc/150?u=22222222-2222-2222-2222-222222222207'),
('22222222-2222-2222-2222-222222222208', '小林 拓也', 'https://i.pravatar.cc/150?u=22222222-2222-2222-2222-222222222208'),
('22222222-2222-2222-2222-222222222209', '加藤 美月', 'https://i.pravatar.cc/150?u=22222222-2222-2222-2222-222222222209'),
('22222222-2222-2222-2222-222222222210', '吉田 隆太', 'https://i.pravatar.cc/150?u=22222222-2222-2222-2222-222222222210'),
('22222222-2222-2222-2222-222222222211', '松本 さくら', 'https://i.pravatar.cc/150?u=22222222-2222-2222-2222-222222222211'),
('22222222-2222-2222-2222-222222222212', '井上 大地', 'https://i.pravatar.cc/150?u=22222222-2222-2222-2222-222222222212'),
('22222222-2222-2222-2222-222222222213', '木村 花子', 'https://i.pravatar.cc/150?u=22222222-2222-2222-2222-222222222213'),
('22222222-2222-2222-2222-222222222214', '林 太郎', 'https://i.pravatar.cc/150?u=22222222-2222-2222-2222-222222222214'),
('22222222-2222-2222-2222-222222222215', '斎藤 愛', 'https://i.pravatar.cc/150?u=22222222-2222-2222-2222-222222222215');

-- テーマアイテムのダミーデータ
-- 旅行テーマのアイテム
INSERT INTO theme_items (theme_id, user_id, content, list, created_at, updated_at) VALUES
('11111111-1111-1111-1111-111111111101', '22222222-2222-2222-2222-222222222201', '日本の絶景スポット', '<ul><li>京都の紅葉スポット</li><li>沖縄のビーチリゾート</li><li>富士山の眺望ポイント</li><li>北海道の雪景色</li><li>瀬戸内海の島々</li></ul>', NOW() - INTERVAL '55 days', NOW() - INTERVAL '55 days'),
('11111111-1111-1111-1111-111111111101', '22222222-2222-2222-2222-222222222202', 'ヨーロッパ旅行おすすめ都市', '<ul><li>パリ - エッフェル塔とルーブル美術館</li><li>ローマ - コロッセオとバチカン市国</li><li>バルセロナ - サグラダファミリア</li><li>アムステルダム - 運河と美術館</li><li>プラハ - 中世の街並み</li></ul>', NOW() - INTERVAL '50 days', NOW() - INTERVAL '50 days'),
('11111111-1111-1111-1111-111111111101', '22222222-2222-2222-2222-222222222203', '旅行の持ち物チェックリスト', '<ul><li>パスポートと航空券</li><li>現地通貨と国際クレジットカード</li><li>充電器とアダプター</li><li>常備薬と救急セット</li><li>旅行保険の証書</li></ul>', NOW() - INTERVAL '45 days', NOW() - INTERVAL '45 days'),
('11111111-1111-1111-1111-111111111101', '22222222-2222-2222-2222-222222222204', 'アジア旅行おすすめスポット', '<ul><li>バリ島 - ビーチとライステラス</li><li>バンコク - 寺院と水上マーケット</li><li>ソウル - 宮殿と韓国料理</li><li>香港 - 夜景と飲茶</li><li>シンガポール - マリーナベイサンズとガーデンズ</li></ul>', NOW() - INTERVAL '40 days', NOW() - INTERVAL '40 days');

-- 料理テーマのアイテム
INSERT INTO theme_items (theme_id, user_id, content, list, created_at, updated_at) VALUES
('11111111-1111-1111-1111-111111111102', '22222222-2222-2222-2222-222222222205', '簡単朝食レシピ', '<ul><li>アボカドトースト</li><li>フレンチトースト</li><li>グラノーラとヨーグルト</li><li>スムージーボウル</li><li>オムレツ</li></ul>', NOW() - INTERVAL '48 days', NOW() - INTERVAL '48 days'),
('11111111-1111-1111-1111-111111111102', '22222222-2222-2222-2222-222222222206', '世界の代表的な料理', '<ul><li>イタリア - パスタとピザ</li><li>日本 - 寿司と天ぷら</li><li>メキシコ - タコスとグアカモレ</li><li>インド - カレーとナン</li><li>タイ - パッタイとトムヤムクン</li></ul>', NOW() - INTERVAL '46 days', NOW() - INTERVAL '46 days'),
('11111111-1111-1111-1111-111111111102', '22222222-2222-2222-2222-222222222207', '基本の調味料と使い方', '<ul><li>塩 - 味の基本</li><li>醤油 - 旨味と色付け</li><li>酢 - 酸味と保存性</li><li>砂糖 - 甘みと照り</li><li>みりん - 甘みと艶出し</li></ul>', NOW() - INTERVAL '44 days', NOW() - INTERVAL '44 days');

-- 映画テーマのアイテム
INSERT INTO theme_items (theme_id, user_id, content, list, created_at, updated_at) VALUES
('11111111-1111-1111-1111-111111111103', '22222222-2222-2222-2222-222222222208', '歴代アカデミー賞作品賞受賞映画', '<ul><li>パラサイト 半地下の家族</li><li>グリーンブック</li><li>シェイプ・オブ・ウォーター</li><li>ムーンライト</li><li>スポットライト</li></ul>', NOW() - INTERVAL '42 days', NOW() - INTERVAL '42 days'),
('11111111-1111-1111-1111-111111111103', '22222222-2222-2222-2222-222222222209', 'おすすめSF映画', '<ul><li>インターステラー</li><li>マトリックス</li><li>ブレードランナー</li><li>2001年宇宙の旅</li><li>エイリアン</li></ul>', NOW() - INTERVAL '40 days', NOW() - INTERVAL '40 days'),
('11111111-1111-1111-1111-111111111103', '22222222-2222-2222-2222-222222222210', '心温まる家族映画', '<ul><li>トイ・ストーリー</li><li>マイ・ファーザー</li><li>リトル・ミス・サンシャイン</li><li>ワンダー 君は太陽</li><li>リメンバー・ミー</li></ul>', NOW() - INTERVAL '38 days', NOW() - INTERVAL '38 days');

-- 音楽テーマのアイテム
INSERT INTO theme_items (theme_id, user_id, content, list, created_at, updated_at) VALUES
('11111111-1111-1111-1111-111111111104', '22222222-2222-2222-2222-222222222211', '歴代グラミー賞受賞アルバム', '<ul><li>ビリー・アイリッシュ - When We All Fall Asleep, Where Do We Go?</li><li>カーディ・B - Invasion of Privacy</li><li>ブルーノ・マーズ - 24K Magic</li><li>アデル - 25</li><li>テイラー・スウィフト - 1989</li></ul>', NOW() - INTERVAL '36 days', NOW() - INTERVAL '36 days'),
('11111111-1111-1111-1111-111111111104', '22222222-2222-2222-2222-222222222212', '作業用BGMにおすすめの曲', '<ul><li>ローファイヒップホップ</li><li>アンビエント音楽</li><li>ジャズインストゥルメンタル</li><li>クラシック音楽</li><li>ポストロック</li></ul>', NOW() - INTERVAL '34 days', NOW() - INTERVAL '34 days'),
('11111111-1111-1111-1111-111111111104', '22222222-2222-2222-2222-222222222213', '日本の音楽シーン変遷', '<ul><li>1970年代 - フォークとニューミュージック</li><li>1980年代 - シティポップとバンドブーム</li><li>1990年代 - J-POPの台頭</li><li>2000年代 - アニソンとアイドル</li><li>2010年代以降 - ラップとストリーミング</li></ul>', NOW() - INTERVAL '32 days', NOW() - INTERVAL '32 days');

-- ペットテーマのアイテム
INSERT INTO theme_items (theme_id, user_id, content, list, created_at, updated_at) VALUES
('11111111-1111-1111-1111-111111111105', '22222222-2222-2222-2222-222222222214', '犬の飼い方基本ガイド', '<ul><li>適切な食事と栄養</li><li>定期的な運動と遊び</li><li>しつけの基本</li><li>健康管理とワクチン</li><li>グルーミングとケア</li></ul>', NOW() - INTERVAL '30 days', NOW() - INTERVAL '30 days'),
('11111111-1111-1111-1111-111111111105', '22222222-2222-2222-2222-222222222215', '猫と暮らすための準備', '<ul><li>猫用トイレとケージ</li><li>キャットフードの選び方</li><li>爪とぎと遊び道具</li><li>安全な環境づくり</li><li>健康チェックのポイント</li></ul>', NOW() - INTERVAL '28 days', NOW() - INTERVAL '28 days'),
('11111111-1111-1111-1111-111111111105', '22222222-2222-2222-2222-222222222201', '珍しいペットとその特徴', '<ul><li>フェレット - 好奇心旺盛で遊び好き</li><li>ハリネズミ - 小さくて愛らしい</li><li>デグー - 社交的で賢い</li><li>ミニブタ - 清潔で知能が高い</li><li>イグアナ - 長寿でユニーク</li></ul>', NOW() - INTERVAL '26 days', NOW() - INTERVAL '26 days');

-- RLSポリシーを再度有効化
ALTER TABLE themes ENABLE ROW LEVEL SECURITY;
ALTER TABLE theme_items ENABLE ROW LEVEL SECURITY;
ALTER TABLE blogs ENABLE ROW LEVEL SECURITY;
ALTER TABLE profiles ENABLE ROW LEVEL SECURITY;
